client_reference,full_customer_name,contact_email,transaction_ref,item_reference,transaction_date,amount_paid,payment_status,delivery_status,customer_segment,region,product_line,quantity_ordered,unit_cost,total_value,discount_applied,shipping_fee,tax_amount,notes_comments,last_modified_timestamp
CLI_0280,John Smith,reconcile1@test.com,TXN_00119,ITM_076,2/12/2023,664.50,FAILED,DELIVERED,PREMIUM,SOUTH,HOME,2,159.48,339.12,68.82,7.84,16.62,,2023-12-26T18:30:00.000Z
CLI_0360,Jane Doe,reconcile2@test.com,TXN_00522,ITM_015,3/14/2023,897.23,PENDING,PENDING,VIP,NORTH,ELECTRONICS,6,214.26,776.90,96.22,28.67,32.03,,2023-12-13T18:30:00.000Z
CLI_0449,Bob Wilson,reconcile3@test.com,TXN_00733,ITM_167,6/24/2023,252.18,FAILED,DELIVERED,STANDARD,WEST,BOOKS,7,296.42,425.96,55.15,5.67,62.67,,2023-09-17T18:30:00.000Z
CLI_0071,Bob Wilson,reconcile4@test.com,TXN_00014,ITM_142,7/23/2023,255.92,FAILED,IN_TRANSIT,STANDARD,EAST,FASHION,8,244.51,226.61,61.96,19.46,35.95,,2023-03-03T18:30:00.000Z
CLI_0305,Jane Doe,reconcile5@test.com,TXN_00482,ITM_105,12/22/2023,897.18,COMPLETED,IN_TRANSIT,VIP,SOUTH,FASHION,5,108.60,471.31,98.82,16.83,52.79,,2023-06-27T18:30:00.000Z
CLI_0071,Bob Wilson,reconcile6@test.com,TXN_00203,ITM_162,7/16/2023,991.52,FAILED,PENDING,STANDARD,SOUTH,HOME,10,307.92,869.49,29.44,9.56,59.59,,2023-08-02T18:30:00.000Z
CLI_0308,Alice Johnson,reconcile7@test.com,TXN_00550,ITM_087,2/9/2023,694.95,PENDING,IN_TRANSIT,PREMIUM,EAST,BOOKS,3,87.70,620.63,70.81,12.69,49.54,Additional processing required,2023-11-01T18:30:00.000Z
CLI_0476,Jane Doe,reconcile8@test.com,TXN_00572,ITM_004,4/4/2023,82.80,COMPLETED,IN_TRANSIT,PREMIUM,NORTH,HOME,2,116.04,652.82,1.25,29.43,29.31,,2023-12-25T18:30:00.000Z
CLI_0359,Alice Johnson,reconcile9@test.com,TXN_00357,ITM_065,3/16/2023,581.73,FAILED,IN_TRANSIT,STANDARD,NORTH,BOOKS,5,105.18,145.34,93.17,21.90,46.23,,2023-03-10T18:30:00.000Z
CLI_0120,Alice Johnson,reconcile10@test.com,TXN_00095,ITM_168,9/10/2023,150.75,PENDING,IN_TRANSIT,VIP,WEST,ELECTRONICS,5,51.87,538.02,54.20,22.02,22.88,,2023-04-24T18:30:00.000Z
CLI_0088,Jane Doe,reconcile11@test.com,TXN_00841,ITM_131,9/9/2023,1004.02,FAILED,PENDING,VIP,EAST,ELECTRONICS,4,41.75,103.71,77.48,11.06,15.05,Additional processing required,2023-12-01T18:30:00.000Z
CLI_0003,John Smith,reconcile12@test.com,TXN_00137,ITM_037,4/17/2023,911.10,COMPLETED,DELIVERED,STANDARD,EAST,FASHION,7,167.82,738.52,32.42,18.08,52.52,Additional processing required,2023-11-23T18:30:00.000Z
CLI_0035,Bob Wilson,reconcile13@test.com,TXN_00744,ITM_050,2/22/2023,638.60,COMPLETED,DELIVERED,STANDARD,WEST,FASHION,6,290.50,530.49,45.57,13.70,21.78,,2023-05-02T18:30:00.000Z
CLI_0484,Jane Doe,reconcile14@test.com,TXN_00786,ITM_096,5/11/2023,294.64,COMPLETED,IN_TRANSIT,STANDARD,EAST,BOOKS,3,29.31,642.83,88.36,29.83,39.69,Additional processing required,2023-09-05T18:30:00.000Z
CLI_0194,Alice Johnson,reconcile15@test.com,TXN_00148,ITM_118,2/28/2023,708.56,COMPLETED,PENDING,VIP,SOUTH,BOOKS,6,83.39,452.55,17.21,28.98,17.26,,2023-03-04T18:30:00.000Z
CLI_0299,Jane Doe,reconcile16@test.com,TXN_00522,ITM_060,7/11/2023,148.00,FAILED,PENDING,STANDARD,SOUTH,HOME,6,58.12,460.68,55.41,22.46,46.13,Additional processing required,2023-08-07T18:30:00.000Z
CLI_0135,Bob Wilson,reconcile17@test.com,TXN_00354,ITM_166,3/11/2023,353.30,FAILED,IN_TRANSIT,VIP,SOUTH,ELECTRONICS,2,308.87,384.54,46.96,13.30,35.23,,2023-07-13T18:30:00.000Z
CLI_0189,Jane Doe,reconcile18@test.com,TXN_00960,ITM_086,11/16/2023,470.63,FAILED,PENDING,STANDARD,NORTH,HOME,10,35.31,654.61,92.25,13.63,13.26,Additional processing required,2023-03-15T18:30:00.000Z
CLI_0030,Jane Doe,reconcile19@test.com,TXN_00662,ITM_044,5/5/2023,184.51,COMPLETED,DELIVERED,VIP,WEST,BOOKS,4,215.32,815.29,44.35,26.49,41.93,,2023-11-17T18:30:00.000Z
CLI_0023,Bob Wilson,reconcile20@test.com,TXN_00251,ITM_030,5/21/2023,154.74,PENDING,IN_TRANSIT,STANDARD,EAST,HOME,9,23.90,893.45,94.10,23.14,8.69,,2023-02-14T18:30:00.000Z
CLI_0218,Alice Johnson,reconcile21@test.com,TXN_00179,ITM_022,12/26/2023,116.43,COMPLETED,IN_TRANSIT,VIP,NORTH,HOME,7,25.59,823.33,97.34,10.04,42.32,Additional processing required,2023-05-27T18:30:00.000Z
CLI_0104,Bob Wilson,reconcile22@test.com,TXN_00480,ITM_028,1/14/2023,977.31,COMPLETED,IN_TRANSIT,STANDARD,SOUTH,FASHION,3,190.57,378.13,94.94,25.19,20.75,,2023-11-16T18:30:00.000Z
CLI_0001,Bob Wilson,reconcile23@test.com,TXN_00209,ITM_127,6/12/2023,399.45,PENDING,PENDING,STANDARD,WEST,ELECTRONICS,5,303.28,566.37,34.86,15.90,50.86,,2023-09-18T18:30:00.000Z
CLI_0210,John Smith,reconcile24@test.com,TXN_00138,ITM_040,12/1/2023,256.39,FAILED,PENDING,STANDARD,WEST,ELECTRONICS,5,209.96,700.28,81.53,19.07,14.72,,2023-02-01T18:30:00.000Z
CLI_0393,Bob Wilson,reconcile25@test.com,TXN_00147,ITM_096,8/28/2023,1006.60,PENDING,PENDING,STANDARD,EAST,ELECTRONICS,3,266.99,290.09,24.81,19.98,42.66,,2023-03-16T18:30:00.000Z
CLI_0237,Jane Doe,reconcile26@test.com,TXN_00179,ITM_129,9/6/2023,376.63,FAILED,IN_TRANSIT,PREMIUM,EAST,ELECTRONICS,7,133.01,684.76,98.49,24.35,40.44,Additional processing required,2023-04-18T18:30:00.000Z
CLI_0421,John Smith,reconcile27@test.com,TXN_00375,ITM_107,7/13/2023,453.13,PENDING,IN_TRANSIT,PREMIUM,SOUTH,BOOKS,6,88.89,249.87,87.90,15.45,35.47,,2023-06-21T18:30:00.000Z
CLI_0230,John Smith,reconcile28@test.com,TXN_00369,ITM_009,1/10/2023,722.02,PENDING,PENDING,VIP,WEST,HOME,3,80.15,388.19,34.17,21.21,40.42,,2023-03-12T18:30:00.000Z
CLI_0263,Alice Johnson,reconcile29@test.com,TXN_00577,ITM_145,8/26/2023,756.60,FAILED,IN_TRANSIT,PREMIUM,NORTH,BOOKS,2,69.19,142.09,95.59,15.50,42.09,,2023-06-04T18:30:00.000Z
CLI_0359,Jane Doe,reconcile30@test.com,TXN_00435,ITM_050,4/10/2023,414.24,PENDING,DELIVERED,VIP,EAST,BOOKS,4,109.86,536.98,29.65,11.89,55.31,Additional processing required,2023-04-11T18:30:00.000Z
CLI_0494,John Smith,reconcile31@test.com,TXN_00518,ITM_098,10/23/2023,410.32,PENDING,IN_TRANSIT,STANDARD,SOUTH,ELECTRONICS,8,104.48,493.16,72.56,8.90,56.07,,2023-04-14T18:30:00.000Z
CLI_0218,John Smith,reconcile32@test.com,TXN_00813,ITM_179,5/9/2023,312.68,PENDING,IN_TRANSIT,VIP,WEST,FASHION,6,208.96,870.83,18.12,14.29,31.34,Additional processing required,2023-02-06T18:30:00.000Z
CLI_0430,Bob Wilson,reconcile33@test.com,TXN_00803,ITM_022,10/15/2023,324.65,COMPLETED,IN_TRANSIT,PREMIUM,EAST,BOOKS,5,271.81,178.85,93.42,14.26,34.43,,2023-09-27T18:30:00.000Z
CLI_0110,Alice Johnson,reconcile34@test.com,TXN_00789,ITM_094,1/10/2023,1006.45,PENDING,DELIVERED,STANDARD,WEST,ELECTRONICS,5,187.81,544.64,23.73,19.50,42.62,Additional processing required,2023-06-24T18:30:00.000Z
CLI_0109,Jane Doe,reconcile35@test.com,TXN_00179,ITM_083,3/21/2023,228.38,COMPLETED,PENDING,PREMIUM,NORTH,ELECTRONICS,2,111.29,411.03,66.55,25.27,27.83,Additional processing required,2023-06-20T18:30:00.000Z
CLI_0305,Bob Wilson,reconcile36@test.com,TXN_00662,ITM_159,7/8/2023,963.38,COMPLETED,IN_TRANSIT,PREMIUM,SOUTH,BOOKS,3,88.63,658.60,21.09,15.39,41.06,,2023-10-07T18:30:00.000Z
CLI_0090,John Smith,reconcile37@test.com,TXN_00386,ITM_188,8/19/2023,248.23,COMPLETED,PENDING,STANDARD,NORTH,ELECTRONICS,2,15.20,415.85,92.60,29.59,20.71,Additional processing required,2023-01-14T18:30:00.000Z
CLI_0220,Jane Doe,reconcile38@test.com,TXN_00747,ITM_108,2/2/2023,195.59,PENDING,IN_TRANSIT,STANDARD,EAST,BOOKS,6,23.16,763.28,73.80,14.28,47.95,Additional processing required,2023-12-17T18:30:00.000Z
CLI_0199,Jane Doe,reconcile39@test.com,TXN_00688,ITM_046,7/1/2023,801.92,FAILED,PENDING,STANDARD,SOUTH,ELECTRONICS,4,282.92,805.84,16.79,5.74,51.32,,2023-10-08T18:30:00.000Z
CLI_0330,John Smith,reconcile40@test.com,TXN_00552,ITM_148,10/24/2023,153.50,COMPLETED,PENDING,VIP,EAST,BOOKS,8,222.20,230.67,88.38,20.40,22.04,,2023-02-17T18:30:00.000Z
CLI_0370,John Smith,reconcile41@test.com,TXN_00265,ITM_195,3/16/2023,881.82,COMPLETED,IN_TRANSIT,VIP,EAST,ELECTRONICS,9,214.90,669.29,30.88,21.44,12.74,Additional processing required,2023-01-12T18:30:00.000Z
CLI_0439,Jane Doe,reconcile42@test.com,TXN_00859,ITM_049,3/3/2023,669.28,COMPLETED,PENDING,PREMIUM,EAST,ELECTRONICS,9,91.16,340.60,59.41,18.56,44.12,Additional processing required,2023-09-13T18:30:00.000Z
CLI_0166,Bob Wilson,reconcile43@test.com,TXN_00933,ITM_154,2/26/2023,1048.64,PENDING,DELIVERED,STANDARD,WEST,HOME,7,52.72,718.24,53.98,7.99,45.47,,2023-05-09T18:30:00.000Z
CLI_0019,Bob Wilson,reconcile44@test.com,TXN_00276,ITM_110,10/1/2023,270.33,PENDING,PENDING,VIP,WEST,ELECTRONICS,7,55.13,606.86,16.66,13.75,64.80,,2023-11-09T18:30:00.000Z
CLI_0471,Alice Johnson,reconcile45@test.com,TXN_00960,ITM_006,8/7/2023,122.03,FAILED,DELIVERED,VIP,EAST,HOME,8,246.57,162.78,78.39,28.96,46.19,,2023-11-23T18:30:00.000Z
CLI_0100,Bob Wilson,reconcile46@test.com,TXN_00020,ITM_173,1/20/2023,949.03,COMPLETED,DELIVERED,STANDARD,EAST,BOOKS,3,72.47,398.21,86.04,19.97,59.35,Additional processing required,2023-03-12T18:30:00.000Z
CLI_0083,Bob Wilson,reconcile47@test.com,TXN_00383,ITM_062,9/7/2023,985.00,FAILED,PENDING,PREMIUM,WEST,BOOKS,1,27.55,611.64,10.81,7.55,50.82,,2023-12-19T18:30:00.000Z
CLI_0249,Bob Wilson,reconcile48@test.com,TXN_00134,ITM_065,9/6/2023,234.99,PENDING,IN_TRANSIT,PREMIUM,SOUTH,BOOKS,9,86.54,515.77,5.26,9.41,31.36,Additional processing required,2023-08-09T18:30:00.000Z
CLI_0384,John Smith,reconcile49@test.com,TXN_00331,ITM_076,4/17/2023,405.45,COMPLETED,PENDING,VIP,SOUTH,HOME,10,196.48,875.24,45.47,16.81,33.67,,2023-11-05T18:30:00.000Z
CLI_0479,Bob Wilson,reconcile50@test.com,TXN_00681,ITM_186,5/16/2023,635.36,FAILED,DELIVERED,PREMIUM,EAST,FASHION,7,97.68,711.63,31.92,28.32,22.24,,2023-05-13T18:30:00.000Z
CLI_0216,Alice Johnson,reconcile51@test.com,TXN_00706,ITM_057,4/6/2023,857.99,COMPLETED,IN_TRANSIT,VIP,WEST,BOOKS,8,61.74,477.86,80.24,23.56,53.72,,2023-12-19T18:30:00.000Z
CLI_0041,Jane Doe,reconcile52@test.com,TXN_00812,ITM_169,11/20/2023,83.69,COMPLETED,IN_TRANSIT,STANDARD,EAST,ELECTRONICS,7,266.29,119.79,22.11,5.39,11.14,Additional processing required,2023-12-02T18:30:00.000Z
CLI_0004,Jane Doe,reconcile53@test.com,TXN_00384,ITM_175,6/1/2023,306.80,PENDING,PENDING,PREMIUM,EAST,FASHION,9,71.49,806.03,67.18,21.22,22.08,Additional processing required,2023-04-11T18:30:00.000Z
CLI_0115,Jane Doe,reconcile54@test.com,TXN_00989,ITM_196,8/13/2023,381.61,FAILED,IN_TRANSIT,VIP,NORTH,HOME,3,238.52,707.54,70.99,6.12,36.36,Additional processing required,2023-12-12T18:30:00.000Z
CLI_0427,John Smith,reconcile55@test.com,TXN_00310,ITM_175,1/9/2023,659.39,COMPLETED,PENDING,PREMIUM,SOUTH,FASHION,10,153.69,532.40,39.23,13.04,7.55,,2023-11-30T18:30:00.000Z
CLI_0046,Jane Doe,reconcile56@test.com,TXN_00922,ITM_072,8/12/2023,1032.75,PENDING,DELIVERED,STANDARD,EAST,HOME,9,270.72,675.56,51.29,28.51,37.15,Additional processing required,2023-03-25T18:30:00.000Z
CLI_0380,Bob Wilson,reconcile57@test.com,TXN_00998,ITM_019,1/11/2023,1020.92,COMPLETED,PENDING,STANDARD,WEST,ELECTRONICS,10,191.56,782.79,15.56,24.99,13.25,,2023-10-26T18:30:00.000Z
CLI_0209,Bob Wilson,reconcile58@test.com,TXN_00490,ITM_097,8/28/2023,275.33,PENDING,PENDING,VIP,WEST,FASHION,7,292.32,386.36,18.70,5.40,13.22,,2023-12-11T18:30:00.000Z
CLI_0471,Alice Johnson,reconcile59@test.com,TXN_00640,ITM_001,10/5/2023,890.28,PENDING,PENDING,STANDARD,WEST,ELECTRONICS,9,27.83,364.22,61.04,18.36,33.50,,2023-05-31T18:30:00.000Z
CLI_0057,Bob Wilson,reconcile60@test.com,TXN_00957,ITM_184,5/27/2023,347.86,FAILED,PENDING,PREMIUM,SOUTH,BOOKS,4,170.53,812.97,16.54,12.18,54.78,,2023-02-09T18:30:00.000Z
CLI_0470,John Smith,reconcile61@test.com,TXN_00818,ITM_115,5/25/2023,379.67,COMPLETED,IN_TRANSIT,PREMIUM,WEST,ELECTRONICS,4,159.36,233.84,25.00,21.93,48.22,,2023-06-05T18:30:00.000Z
CLI_0416,John Smith,reconcile62@test.com,TXN_00035,ITM_087,9/19/2023,926.47,COMPLETED,DELIVERED,PREMIUM,SOUTH,FASHION,4,103.39,721.29,73.52,18.43,18.38,,2023-01-01T18:30:00.000Z
CLI_0357,John Smith,reconcile63@test.com,TXN_00531,ITM_122,6/8/2023,482.37,COMPLETED,DELIVERED,VIP,EAST,FASHION,2,30.71,870.92,20.52,13.90,31.69,,2023-08-02T18:30:00.000Z
CLI_0206,Bob Wilson,reconcile64@test.com,TXN_00060,ITM_189,1/20/2023,732.87,FAILED,DELIVERED,STANDARD,SOUTH,HOME,3,142.14,312.84,28.62,27.00,45.43,,2023-04-08T18:30:00.000Z
CLI_0476,Jane Doe,reconcile65@test.com,TXN_00603,ITM_111,12/27/2023,742.51,PENDING,PENDING,PREMIUM,WEST,FASHION,10,258.82,440.67,17.75,10.18,18.03,,2023-08-09T18:30:00.000Z
CLI_0265,Bob Wilson,reconcile66@test.com,TXN_00024,ITM_005,6/24/2023,180.03,COMPLETED,PENDING,PREMIUM,EAST,FASHION,2,109.31,367.69,41.03,7.68,39.75,,2023-04-05T18:30:00.000Z
CLI_0010,Alice Johnson,reconcile67@test.com,TXN_00951,ITM_062,8/14/2023,110.44,PENDING,PENDING,PREMIUM,NORTH,BOOKS,4,137.02,142.95,87.50,26.44,33.19,Additional processing required,2023-07-11T18:30:00.000Z
CLI_0189,Alice Johnson,reconcile68@test.com,TXN_00725,ITM_142,9/8/2023,741.79,PENDING,IN_TRANSIT,PREMIUM,SOUTH,FASHION,10,67.50,787.89,42.48,8.17,39.67,Additional processing required,2023-09-09T18:30:00.000Z
CLI_0306,Jane Doe,reconcile69@test.com,TXN_00928,ITM_117,3/27/2023,539.39,PENDING,IN_TRANSIT,PREMIUM,NORTH,HOME,7,217.65,559.33,19.83,26.48,52.09,Additional processing required,2023-10-07T18:30:00.000Z
CLI_0125,Bob Wilson,reconcile70@test.com,TXN_00126,ITM_141,10/24/2023,596.54,PENDING,IN_TRANSIT,STANDARD,NORTH,BOOKS,2,290.57,458.73,49.50,25.57,8.76,Additional processing required,2023-12-20T18:30:00.000Z
CLI_0363,John Smith,reconcile71@test.com,TXN_00979,ITM_005,6/21/2023,386.34,PENDING,IN_TRANSIT,VIP,SOUTH,BOOKS,7,178.97,504.00,80.71,6.30,7.38,,2023-06-25T18:30:00.000Z
CLI_0052,Jane Doe,reconcile72@test.com,TXN_00151,ITM_137,3/23/2023,385.19,FAILED,IN_TRANSIT,VIP,NORTH,FASHION,4,113.93,317.38,86.00,29.03,43.38,,2023-10-06T18:30:00.000Z
CLI_0005,Jane Doe,reconcile73@test.com,TXN_00207,ITM_060,9/27/2023,766.85,PENDING,PENDING,STANDARD,SOUTH,FASHION,6,99.22,405.64,23.48,10.19,47.57,Additional processing required,2023-12-18T18:30:00.000Z
CLI_0307,Bob Wilson,reconcile74@test.com,TXN_00229,ITM_200,11/25/2023,324.13,COMPLETED,PENDING,PREMIUM,WEST,BOOKS,7,188.96,485.06,40.74,26.02,23.33,,2023-08-27T18:30:00.000Z
CLI_0377,Jane Doe,reconcile75@test.com,TXN_00253,ITM_074,6/3/2023,979.36,PENDING,IN_TRANSIT,STANDARD,NORTH,ELECTRONICS,4,63.24,814.67,92.89,8.41,57.96,Additional processing required,2023-06-30T18:30:00.000Z
CLI_0317,John Smith,reconcile76@test.com,TXN_00542,ITM_049,5/14/2023,910.25,PENDING,PENDING,STANDARD,NORTH,ELECTRONICS,10,290.65,437.96,86.43,18.11,33.59,,2023-08-23T18:30:00.000Z
CLI_0139,Jane Doe,reconcile77@test.com,TXN_00223,ITM_026,7/18/2023,342.75,COMPLETED,IN_TRANSIT,VIP,WEST,FASHION,6,265.87,325.65,39.68,10.26,25.78,Additional processing required,2023-02-28T18:30:00.000Z
CLI_0247,John Smith,reconcile78@test.com,TXN_00131,ITM_197,1/18/2023,730.98,PENDING,DELIVERED,STANDARD,EAST,BOOKS,5,107.40,757.12,11.45,28.51,30.22,,2023-05-06T18:30:00.000Z
CLI_0035,John Smith,reconcile79@test.com,TXN_00496,ITM_114,12/6/2023,131.55,FAILED,IN_TRANSIT,PREMIUM,SOUTH,ELECTRONICS,2,72.80,609.60,51.25,12.97,57.76,,2023-12-08T18:30:00.000Z
CLI_0172,Bob Wilson,reconcile80@test.com,TXN_00233,ITM_200,4/10/2023,263.72,PENDING,IN_TRANSIT,STANDARD,SOUTH,ELECTRONICS,9,177.88,863.71,81.89,5.40,38.84,,2023-10-19T18:30:00.000Z
CLI_0326,Bob Wilson,reconcile81@test.com,TXN_00963,ITM_168,3/25/2023,119.21,PENDING,PENDING,VIP,EAST,HOME,3,275.97,415.08,47.65,22.11,23.58,,2023-11-14T18:30:00.000Z
CLI_0489,Jane Doe,reconcile82@test.com,TXN_00801,ITM_154,2/18/2023,643.42,PENDING,DELIVERED,PREMIUM,SOUTH,FASHION,2,185.92,834.69,85.85,18.39,29.20,,2023-06-24T18:30:00.000Z
CLI_0126,Alice Johnson,reconcile83@test.com,TXN_00544,ITM_003,5/3/2023,672.32,FAILED,DELIVERED,VIP,EAST,BOOKS,5,54.71,584.65,85.66,24.02,30.73,,2023-04-16T18:30:00.000Z
CLI_0004,Bob Wilson,reconcile84@test.com,TXN_00819,ITM_094,1/17/2023,885.19,PENDING,DELIVERED,PREMIUM,EAST,FASHION,3,41.18,553.76,3.82,22.80,35.86,,2023-07-26T18:30:00.000Z
CLI_0356,John Smith,reconcile85@test.com,TXN_00076,ITM_093,8/3/2023,338.96,FAILED,PENDING,PREMIUM,WEST,HOME,10,123.54,791.91,40.05,10.25,25.22,,2023-05-10T18:30:00.000Z
CLI_0175,Jane Doe,reconcile86@test.com,TXN_00532,ITM_145,12/19/2023,657.52,COMPLETED,IN_TRANSIT,STANDARD,WEST,FASHION,2,46.84,843.44,93.97,12.97,10.19,,2023-02-15T18:30:00.000Z
CLI_0316,Bob Wilson,reconcile87@test.com,TXN_00460,ITM_159,8/14/2023,882.35,PENDING,IN_TRANSIT,VIP,SOUTH,HOME,7,25.57,105.09,58.29,17.60,19.20,,2023-06-22T18:30:00.000Z
CLI_0272,Jane Doe,reconcile88@test.com,TXN_00073,ITM_045,5/28/2023,583.89,PENDING,DELIVERED,PREMIUM,EAST,HOME,7,150.01,793.38,58.04,29.56,34.84,Additional processing required,2023-04-24T18:30:00.000Z
CLI_0235,Alice Johnson,reconcile89@test.com,TXN_00594,ITM_181,9/24/2023,347.47,FAILED,DELIVERED,PREMIUM,SOUTH,HOME,6,212.02,789.97,53.37,24.39,35.24,,2023-09-10T18:30:00.000Z
CLI_0004,Jane Doe,reconcile90@test.com,TXN_00214,ITM_070,12/25/2023,181.42,FAILED,DELIVERED,VIP,EAST,HOME,2,272.79,608.89,97.57,20.23,32.36,,2023-06-20T18:30:00.000Z
CLI_0003,John Smith,reconcile91@test.com,TXN_00206,ITM_123,11/9/2023,1006.75,COMPLETED,IN_TRANSIT,STANDARD,EAST,HOME,4,112.50,504.30,9.54,5.47,5.10,Additional processing required,2023-10-01T18:30:00.000Z
CLI_0237,Jane Doe,reconcile92@test.com,TXN_00161,ITM_170,10/1/2023,807.34,PENDING,DELIVERED,VIP,EAST,HOME,2,102.34,674.27,28.93,12.72,46.91,Additional processing required,2023-02-01T18:30:00.000Z
CLI_0220,Jane Doe,reconcile93@test.com,TXN_00054,ITM_108,10/5/2023,346.52,FAILED,IN_TRANSIT,PREMIUM,WEST,FASHION,2,104.51,513.50,50.59,18.42,29.06,,2023-11-13T18:30:00.000Z
CLI_0356,Jane Doe,reconcile94@test.com,TXN_00859,ITM_192,8/22/2023,962.83,COMPLETED,IN_TRANSIT,PREMIUM,EAST,FASHION,3,281.05,525.12,73.09,22.44,6.20,,2023-10-24T18:30:00.000Z
CLI_0192,John Smith,reconcile95@test.com,TXN_00043,ITM_075,4/19/2023,898.21,PENDING,IN_TRANSIT,PREMIUM,NORTH,HOME,3,111.85,861.71,88.81,19.77,48.44,,2023-04-06T18:30:00.000Z
CLI_0262,Alice Johnson,reconcile96@test.com,TXN_00681,ITM_005,7/8/2023,618.55,PENDING,IN_TRANSIT,STANDARD,EAST,ELECTRONICS,1,228.63,384.56,59.70,22.69,51.06,,2023-11-15T18:30:00.000Z
CLI_0424,Alice Johnson,reconcile97@test.com,TXN_00924,ITM_200,10/6/2023,356.84,PENDING,IN_TRANSIT,PREMIUM,SOUTH,BOOKS,6,246.17,352.81,63.37,14.04,35.71,,2023-03-22T18:30:00.000Z
CLI_0263,Bob Wilson,reconcile98@test.com,TXN_00180,ITM_043,3/20/2023,368.59,COMPLETED,DELIVERED,VIP,SOUTH,ELECTRONICS,4,297.87,102.47,67.34,22.91,64.75,Additional processing required,2023-01-03T18:30:00.000Z
CLI_0362,John Smith,reconcile99@test.com,TXN_00038,ITM_149,9/23/2023,1045.76,FAILED,PENDING,PREMIUM,SOUTH,BOOKS,10,63.01,433.86,25.27,27.26,56.19,Additional processing required,2023-01-07T18:30:00.000Z
CLI_0215,Alice Johnson,reconcile100@test.com,TXN_00076,ITM_061,10/14/2023,991.09,PENDING,IN_TRANSIT,STANDARD,WEST,ELECTRONICS,2,234.26,732.69,81.26,22.94,52.19,,2023-05-19T18:30:00.000Z
CLI_0330,John Smith,reconcile101@test.com,TXN_00407,ITM_119,9/25/2023,365.28,PENDING,DELIVERED,STANDARD,EAST,FASHION,7,19.00,811.05,58.10,22.92,17.46,,2023-09-07T18:30:00.000Z
CLI_0396,Jane Doe,reconcile102@test.com,TXN_00396,ITM_189,6/24/2023,535.20,PENDING,IN_TRANSIT,VIP,NORTH,FASHION,3,218.83,397.24,15.79,28.82,43.25,,2023-04-13T18:30:00.000Z
CLI_0176,Bob Wilson,reconcile103@test.com,TXN_00715,ITM_181,8/25/2023,277.38,PENDING,DELIVERED,PREMIUM,NORTH,ELECTRONICS,7,151.35,782.10,30.46,9.46,16.75,Additional processing required,2023-05-03T18:30:00.000Z
CLI_0165,Jane Doe,reconcile104@test.com,TXN_00400,ITM_004,9/19/2023,624.30,FAILED,IN_TRANSIT,VIP,WEST,ELECTRONICS,6,192.12,243.22,55.75,17.80,29.59,Additional processing required,2023-12-20T18:30:00.000Z
CLI_0359,Alice Johnson,reconcile105@test.com,TXN_00693,ITM_140,3/12/2023,704.78,FAILED,IN_TRANSIT,VIP,WEST,HOME,3,292.94,527.39,93.67,23.76,46.62,,2023-07-17T18:30:00.000Z
CLI_0221,Jane Doe,reconcile106@test.com,TXN_00631,ITM_001,2/19/2023,184.26,PENDING,IN_TRANSIT,PREMIUM,EAST,BOOKS,2,205.33,521.05,28.16,13.59,29.81,Additional processing required,2023-06-03T18:30:00.000Z
CLI_0249,Bob Wilson,reconcile107@test.com,TXN_00447,ITM_170,7/26/2023,484.54,FAILED,DELIVERED,VIP,EAST,HOME,8,165.94,175.20,80.94,14.75,40.79,,2023-12-08T18:30:00.000Z
CLI_0042,Alice Johnson,reconcile108@test.com,TXN_00183,ITM_176,5/10/2023,188.15,COMPLETED,PENDING,STANDARD,WEST,BOOKS,5,252.05,767.24,50.39,26.29,7.64,,2023-07-08T18:30:00.000Z
CLI_0392,John Smith,reconcile109@test.com,TXN_00545,ITM_060,8/12/2023,210.22,PENDING,PENDING,PREMIUM,EAST,HOME,7,154.82,529.11,31.05,19.30,27.58,Additional processing required,2023-05-19T18:30:00.000Z
CLI_0028,Jane Doe,reconcile110@test.com,TXN_00702,ITM_017,7/11/2023,873.95,PENDING,PENDING,STANDARD,EAST,HOME,7,175.72,393.73,43.48,7.14,38.79,,2023-04-18T18:30:00.000Z
CLI_0420,Alice Johnson,reconcile111@test.com,TXN_00854,ITM_063,10/23/2023,393.64,COMPLETED,IN_TRANSIT,VIP,NORTH,HOME,10,49.39,891.54,9.71,24.57,15.56,Additional processing required,2023-12-14T18:30:00.000Z
CLI_0426,Bob Wilson,reconcile112@test.com,TXN_00226,ITM_158,8/18/2023,108.50,FAILED,PENDING,STANDARD,WEST,FASHION,9,166.62,597.82,27.80,17.98,37.53,,2023-02-28T18:30:00.000Z
CLI_0255,John Smith,reconcile113@test.com,TXN_00129,ITM_071,11/4/2023,484.69,COMPLETED,IN_TRANSIT,STANDARD,SOUTH,BOOKS,5,274.06,309.26,53.27,14.88,45.32,,2023-09-07T18:30:00.000Z
CLI_0313,Jane Doe,reconcile114@test.com,TXN_00073,ITM_097,8/27/2023,936.21,COMPLETED,DELIVERED,PREMIUM,NORTH,HOME,4,273.33,351.16,67.30,12.34,38.32,,2023-06-06T18:30:00.000Z
CLI_0069,Jane Doe,reconcile115@test.com,TXN_00585,ITM_026,12/17/2023,521.78,FAILED,PENDING,VIP,WEST,HOME,1,275.83,680.06,87.05,20.67,12.14,,2023-12-27T18:30:00.000Z
CLI_0017,John Smith,reconcile116@test.com,TXN_00669,ITM_045,7/10/2023,244.77,PENDING,PENDING,PREMIUM,EAST,BOOKS,9,22.68,608.01,79.83,7.30,21.31,Additional processing required,2023-02-25T18:30:00.000Z
CLI_0051,John Smith,reconcile117@test.com,TXN_00367,ITM_187,4/20/2023,518.32,COMPLETED,IN_TRANSIT,STANDARD,SOUTH,BOOKS,4,298.39,187.88,64.32,24.75,57.13,,2023-03-05T18:30:00.000Z
CLI_0039,Alice Johnson,reconcile118@test.com,TXN_00169,ITM_125,4/3/2023,928.08,FAILED,DELIVERED,PREMIUM,WEST,ELECTRONICS,1,117.90,306.66,25.35,17.10,63.15,,2023-02-18T18:30:00.000Z
CLI_0242,Alice Johnson,reconcile119@test.com,TXN_00693,ITM_146,6/8/2023,919.65,PENDING,DELIVERED,PREMIUM,EAST,HOME,9,81.42,834.27,66.68,13.17,43.58,,2023-01-15T18:30:00.000Z
CLI_0126,John Smith,reconcile120@test.com,TXN_00154,ITM_004,2/17/2023,263.98,COMPLETED,PENDING,VIP,EAST,HOME,1,11.51,291.96,18.06,7.65,45.61,,2023-05-08T18:30:00.000Z
CLI_0434,Jane Doe,reconcile121@test.com,TXN_00091,ITM_036,9/17/2023,186.33,COMPLETED,PENDING,PREMIUM,EAST,ELECTRONICS,5,254.01,772.77,32.25,21.53,12.94,,2023-11-02T18:30:00.000Z
CLI_0463,John Smith,reconcile122@test.com,TXN_00371,ITM_168,10/28/2023,525.70,PENDING,IN_TRANSIT,STANDARD,NORTH,BOOKS,5,70.07,563.80,33.00,9.41,32.58,,2023-12-07T18:30:00.000Z
CLI_0343,Jane Doe,reconcile123@test.com,TXN_00625,ITM_137,10/21/2023,618.44,COMPLETED,DELIVERED,STANDARD,WEST,HOME,3,247.67,384.92,31.06,19.39,56.25,,2023-10-06T18:30:00.000Z
CLI_0458,John Smith,reconcile124@test.com,TXN_00212,ITM_025,7/7/2023,868.52,PENDING,DELIVERED,PREMIUM,EAST,FASHION,6,217.31,431.92,42.47,5.90,49.43,Additional processing required,2023-11-24T18:30:00.000Z
CLI_0316,Jane Doe,reconcile125@test.com,TXN_00220,ITM_038,1/9/2023,213.55,PENDING,DELIVERED,STANDARD,SOUTH,FASHION,1,263.96,128.54,38.28,8.38,31.70,,2023-02-07T18:30:00.000Z
CLI_0466,Bob Wilson,reconcile126@test.com,TXN_00665,ITM_079,4/28/2023,340.93,FAILED,PENDING,VIP,WEST,BOOKS,9,114.90,375.28,32.59,13.09,12.74,,2023-03-31T18:30:00.000Z
CLI_0183,John Smith,reconcile127@test.com,TXN_00558,ITM_044,10/14/2023,953.75,COMPLETED,PENDING,PREMIUM,WEST,ELECTRONICS,3,162.82,351.12,78.35,28.07,27.58,,2023-10-27T18:30:00.000Z
CLI_0495,Bob Wilson,reconcile128@test.com,TXN_00057,ITM_111,11/11/2023,784.89,PENDING,IN_TRANSIT,STANDARD,EAST,ELECTRONICS,6,174.92,718.22,66.21,21.73,16.45,,2023-04-05T18:30:00.000Z
CLI_0197,John Smith,reconcile129@test.com,TXN_00842,ITM_150,5/7/2023,907.30,FAILED,IN_TRANSIT,STANDARD,NORTH,HOME,3,113.37,443.44,43.25,14.58,53.83,,2023-02-23T18:30:00.000Z
CLI_0199,Alice Johnson,reconcile130@test.com,TXN_00349,ITM_037,9/2/2023,195.86,COMPLETED,IN_TRANSIT,PREMIUM,WEST,BOOKS,9,305.72,557.86,58.91,12.35,14.33,,2023-04-07T18:30:00.000Z
CLI_0264,Alice Johnson,reconcile131@test.com,TXN_00951,ITM_142,8/2/2023,978.58,PENDING,DELIVERED,STANDARD,EAST,HOME,8,126.60,370.01,78.49,29.93,47.50,,2023-03-25T18:30:00.000Z
CLI_0371,Alice Johnson,reconcile132@test.com,TXN_00834,ITM_076,4/24/2023,705.01,PENDING,PENDING,PREMIUM,WEST,BOOKS,10,160.48,698.37,48.25,9.07,15.96,Additional processing required,2023-07-26T18:30:00.000Z
CLI_0134,Jane Doe,reconcile133@test.com,TXN_00001,ITM_028,8/3/2023,946.09,FAILED,PENDING,STANDARD,SOUTH,BOOKS,1,289.25,607.59,32.89,7.09,9.02,,2023-02-03T18:30:00.000Z
CLI_0495,Jane Doe,reconcile134@test.com,TXN_00024,ITM_162,11/13/2023,401.87,PENDING,PENDING,VIP,EAST,FASHION,8,265.53,635.70,11.95,27.37,28.34,,2023-07-25T18:30:00.000Z
CLI_0482,Alice Johnson,reconcile135@test.com,TXN_00075,ITM_061,2/15/2023,99.09,PENDING,IN_TRANSIT,PREMIUM,SOUTH,BOOKS,4,199.93,646.10,65.55,7.62,64.38,,2023-07-01T18:30:00.000Z
CLI_0188,Alice Johnson,reconcile136@test.com,TXN_00924,ITM_066,11/5/2023,144.95,FAILED,DELIVERED,STANDARD,EAST,ELECTRONICS,8,297.71,896.53,27.05,24.22,57.24,,2023-04-12T18:30:00.000Z
CLI_0325,John Smith,reconcile137@test.com,TXN_00743,ITM_148,1/5/2023,52.51,PENDING,PENDING,PREMIUM,SOUTH,ELECTRONICS,3,157.38,366.81,87.38,18.48,14.64,,2023-12-17T18:30:00.000Z
CLI_0321,Bob Wilson,reconcile138@test.com,TXN_00167,ITM_007,3/7/2023,417.16,FAILED,PENDING,STANDARD,SOUTH,BOOKS,3,39.87,507.14,68.79,26.20,44.59,,2023-11-01T18:30:00.000Z
CLI_0484,Bob Wilson,reconcile139@test.com,TXN_00932,ITM_088,3/17/2023,445.53,COMPLETED,PENDING,PREMIUM,WEST,FASHION,7,34.54,573.82,36.77,9.83,11.03,,2023-12-25T18:30:00.000Z
CLI_0144,Bob Wilson,reconcile140@test.com,TXN_00831,ITM_193,5/7/2023,371.28,FAILED,IN_TRANSIT,PREMIUM,SOUTH,FASHION,3,200.39,487.61,40.56,16.94,28.25,,2023-08-09T18:30:00.000Z
CLI_0398,John Smith,reconcile141@test.com,TXN_00451,ITM_071,1/16/2023,425.58,PENDING,PENDING,VIP,NORTH,BOOKS,6,183.31,670.25,1.67,25.54,44.39,Additional processing required,2023-04-01T18:30:00.000Z
CLI_0248,Jane Doe,reconcile142@test.com,TXN_00315,ITM_072,3/8/2023,388.33,PENDING,DELIVERED,VIP,SOUTH,ELECTRONICS,3,113.20,821.15,98.25,16.15,20.69,,2023-03-13T18:30:00.000Z
CLI_0242,John Smith,reconcile143@test.com,TXN_00087,ITM_185,8/19/2023,761.88,FAILED,DELIVERED,VIP,SOUTH,HOME,4,187.33,186.25,17.29,23.41,60.26,,2023-08-31T18:30:00.000Z
CLI_0405,Bob Wilson,reconcile144@test.com,TXN_00058,ITM_029,1/10/2023,616.89,FAILED,DELIVERED,PREMIUM,EAST,HOME,6,151.95,193.41,55.53,19.04,31.47,,2023-09-17T18:30:00.000Z
CLI_0348,Alice Johnson,reconcile145@test.com,TXN_00362,ITM_130,11/17/2023,113.30,COMPLETED,DELIVERED,PREMIUM,SOUTH,FASHION,3,168.10,233.72,79.37,27.44,11.09,Additional processing required,2023-05-21T18:30:00.000Z
CLI_0389,John Smith,reconcile146@test.com,TXN_00095,ITM_018,2/17/2023,588.52,PENDING,PENDING,VIP,SOUTH,ELECTRONICS,8,179.19,645.52,6.59,8.55,24.30,,2023-08-05T18:30:00.000Z
CLI_0057,Jane Doe,reconcile147@test.com,TXN_00805,ITM_197,6/6/2023,398.92,COMPLETED,DELIVERED,VIP,SOUTH,ELECTRONICS,1,73.07,532.14,48.57,15.51,21.19,,2023-12-21T18:30:00.000Z
CLI_0469,John Smith,reconcile148@test.com,TXN_00763,ITM_030,4/14/2023,151.39,FAILED,PENDING,VIP,EAST,HOME,4,104.91,149.86,40.92,11.06,15.36,,2023-10-17T18:30:00.000Z
CLI_0266,Alice Johnson,reconcile149@test.com,TXN_00083,ITM_099,5/11/2023,195.67,PENDING,PENDING,STANDARD,SOUTH,HOME,5,87.45,714.42,7.92,14.72,34.71,,2023-12-10T18:30:00.000Z
CLI_0309,Bob Wilson,reconcile150@test.com,TXN_00311,ITM_114,1/15/2023,967.26,PENDING,IN_TRANSIT,PREMIUM,NORTH,HOME,4,23.88,633.29,15.20,17.55,64.65,Additional processing required,2023-10-27T18:30:00.000Z
CLI_0235,Bob Wilson,reconcile151@test.com,TXN_00210,ITM_148,2/1/2023,159.49,COMPLETED,PENDING,STANDARD,SOUTH,FASHION,10,56.52,505.61,4.32,15.09,9.16,Additional processing required,2023-07-12T18:30:00.000Z
CLI_0258,Bob Wilson,reconcile152@test.com,TXN_00571,ITM_008,1/9/2023,944.65,COMPLETED,PENDING,STANDARD,SOUTH,ELECTRONICS,8,275.47,553.94,38.01,26.81,13.64,Additional processing required,2023-07-06T18:30:00.000Z
CLI_0407,Alice Johnson,reconcile153@test.com,TXN_00805,ITM_188,4/6/2023,330.97,FAILED,DELIVERED,VIP,WEST,BOOKS,9,232.63,691.15,99.76,5.37,18.64,,2023-08-17T18:30:00.000Z
CLI_0356,John Smith,reconcile154@test.com,TXN_00770,ITM_165,7/17/2023,624.73,FAILED,DELIVERED,PREMIUM,WEST,HOME,10,274.53,465.11,9.58,21.70,24.84,Additional processing required,2023-05-19T18:30:00.000Z
CLI_0307,Alice Johnson,reconcile155@test.com,TXN_00325,ITM_178,10/2/2023,792.50,FAILED,IN_TRANSIT,VIP,NORTH,ELECTRONICS,8,160.90,583.96,25.56,5.69,31.08,Additional processing required,2023-02-09T18:30:00.000Z
CLI_0470,Bob Wilson,reconcile156@test.com,TXN_00145,ITM_136,9/1/2023,579.78,PENDING,PENDING,PREMIUM,NORTH,HOME,6,281.40,281.98,95.18,6.53,21.27,Additional processing required,2023-08-17T18:30:00.000Z
CLI_0127,Bob Wilson,reconcile157@test.com,TXN_00298,ITM_116,6/11/2023,632.83,PENDING,DELIVERED,PREMIUM,NORTH,HOME,4,94.41,722.68,90.98,20.36,13.75,,2023-02-19T18:30:00.000Z
CLI_0262,Alice Johnson,reconcile158@test.com,TXN_00026,ITM_021,5/7/2023,50.34,PENDING,DELIVERED,VIP,SOUTH,HOME,2,66.77,610.56,27.06,17.35,58.98,,2023-06-17T18:30:00.000Z
CLI_0249,Alice Johnson,reconcile159@test.com,TXN_00111,ITM_017,7/9/2023,266.97,PENDING,PENDING,STANDARD,WEST,ELECTRONICS,10,274.09,564.86,14.32,20.55,6.22,,2023-01-01T18:30:00.000Z
CLI_0144,Alice Johnson,reconcile160@test.com,TXN_00949,ITM_124,8/20/2023,227.50,FAILED,IN_TRANSIT,VIP,SOUTH,HOME,4,43.55,863.60,3.06,16.29,33.79,Additional processing required,2023-04-13T18:30:00.000Z
CLI_0107,Jane Doe,reconcile161@test.com,TXN_00505,ITM_027,9/23/2023,545.43,PENDING,PENDING,VIP,SOUTH,HOME,6,148.29,835.20,92.81,27.44,5.39,,2023-09-04T18:30:00.000Z
CLI_0138,John Smith,reconcile162@test.com,TXN_00715,ITM_024,4/3/2023,709.51,FAILED,PENDING,VIP,NORTH,FASHION,3,18.33,661.51,42.22,12.73,19.69,Additional processing required,2023-08-21T18:30:00.000Z
CLI_0169,Alice Johnson,reconcile163@test.com,TXN_00912,ITM_074,4/13/2023,996.20,FAILED,DELIVERED,STANDARD,WEST,ELECTRONICS,6,153.09,893.24,60.10,24.19,48.23,,2023-12-24T18:30:00.000Z
CLI_0047,Alice Johnson,reconcile164@test.com,TXN_00157,ITM_174,3/25/2023,995.12,PENDING,IN_TRANSIT,STANDARD,WEST,FASHION,10,274.05,602.25,79.18,11.84,5.05,Additional processing required,2023-06-19T18:30:00.000Z
CLI_0134,Jane Doe,reconcile165@test.com,TXN_00738,ITM_192,12/19/2023,223.51,FAILED,PENDING,PREMIUM,NORTH,ELECTRONICS,4,210.26,345.06,23.83,12.51,40.17,,2023-10-14T18:30:00.000Z
CLI_0092,Alice Johnson,reconcile166@test.com,TXN_00048,ITM_139,6/16/2023,444.77,COMPLETED,IN_TRANSIT,STANDARD,WEST,BOOKS,1,307.94,510.13,57.27,25.25,33.49,,2023-08-06T18:30:00.000Z
CLI_0345,Jane Doe,reconcile167@test.com,TXN_00100,ITM_114,2/1/2023,406.63,PENDING,DELIVERED,STANDARD,NORTH,BOOKS,7,143.40,333.31,19.40,20.29,58.16,,2023-10-16T18:30:00.000Z
CLI_0268,Jane Doe,reconcile168@test.com,TXN_00322,ITM_161,2/12/2023,99.22,PENDING,DELIVERED,STANDARD,SOUTH,BOOKS,9,288.00,279.83,47.73,14.19,47.11,Additional processing required,2023-07-07T18:30:00.000Z
CLI_0169,Bob Wilson,reconcile169@test.com,TXN_00303,ITM_147,12/2/2023,141.25,COMPLETED,IN_TRANSIT,PREMIUM,WEST,ELECTRONICS,8,222.39,327.66,60.92,24.83,21.53,,2023-02-07T18:30:00.000Z
CLI_0024,Alice Johnson,reconcile170@test.com,TXN_00694,ITM_054,6/8/2023,514.38,PENDING,DELIVERED,VIP,NORTH,HOME,1,219.75,317.74,57.98,29.30,51.02,Additional processing required,2023-09-17T18:30:00.000Z
CLI_0192,John Smith,reconcile171@test.com,TXN_00431,ITM_069,6/9/2023,686.56,COMPLETED,DELIVERED,STANDARD,NORTH,BOOKS,1,36.68,300.33,24.76,21.71,17.51,,2023-02-17T18:30:00.000Z
CLI_0495,John Smith,reconcile172@test.com,TXN_00274,ITM_041,5/16/2023,146.46,PENDING,PENDING,PREMIUM,EAST,BOOKS,6,147.04,818.53,43.07,22.09,7.77,,2023-11-05T18:30:00.000Z
CLI_0374,Jane Doe,reconcile173@test.com,TXN_00880,ITM_186,4/17/2023,628.21,FAILED,IN_TRANSIT,VIP,SOUTH,FASHION,5,237.23,675.26,81.85,16.58,17.78,Additional processing required,2023-02-12T18:30:00.000Z
CLI_0454,Bob Wilson,reconcile174@test.com,TXN_00461,ITM_083,11/19/2023,503.12,FAILED,IN_TRANSIT,VIP,EAST,HOME,5,193.88,318.86,50.88,28.87,16.60,,2023-10-26T18:30:00.000Z
CLI_0298,Alice Johnson,reconcile175@test.com,TXN_00677,ITM_165,3/17/2023,186.03,COMPLETED,DELIVERED,PREMIUM,WEST,HOME,2,123.81,318.61,95.16,6.24,34.97,,2023-02-15T18:30:00.000Z
CLI_0270,Bob Wilson,reconcile176@test.com,TXN_00548,ITM_193,7/4/2023,327.36,FAILED,DELIVERED,STANDARD,WEST,ELECTRONICS,5,74.20,620.17,64.12,29.03,53.69,Additional processing required,2023-06-26T18:30:00.000Z
CLI_0495,Bob Wilson,reconcile177@test.com,TXN_00573,ITM_137,5/22/2023,121.79,COMPLETED,IN_TRANSIT,VIP,NORTH,FASHION,6,300.66,808.55,19.90,7.00,16.26,,2023-02-15T18:30:00.000Z
CLI_0416,Alice Johnson,reconcile178@test.com,TXN_00417,ITM_091,8/17/2023,896.38,FAILED,DELIVERED,VIP,WEST,BOOKS,10,209.16,746.48,16.35,14.02,40.28,,2023-02-08T18:30:00.000Z
CLI_0445,Bob Wilson,reconcile179@test.com,TXN_00775,ITM_076,3/4/2023,288.23,FAILED,DELIVERED,STANDARD,EAST,HOME,8,308.09,830.82,34.59,19.82,46.26,Additional processing required,2023-10-13T18:30:00.000Z
CLI_0198,Alice Johnson,reconcile180@test.com,TXN_00691,ITM_040,5/1/2023,1037.69,COMPLETED,DELIVERED,PREMIUM,SOUTH,BOOKS,2,124.38,274.97,60.63,22.65,32.83,,2023-11-15T18:30:00.000Z
CLI_0167,Alice Johnson,reconcile181@test.com,TXN_00013,ITM_021,7/16/2023,276.23,PENDING,IN_TRANSIT,VIP,NORTH,HOME,9,304.39,194.43,48.17,28.90,39.03,,2023-12-20T18:30:00.000Z
CLI_0198,Jane Doe,reconcile182@test.com,TXN_00511,ITM_034,9/23/2023,206.62,FAILED,PENDING,PREMIUM,EAST,FASHION,1,116.69,485.22,68.29,13.64,30.20,,2023-08-21T18:30:00.000Z
CLI_0115,Jane Doe,reconcile183@test.com,TXN_00541,ITM_068,1/16/2023,87.50,FAILED,DELIVERED,VIP,EAST,ELECTRONICS,8,152.22,813.28,72.74,7.35,11.99,,2023-11-02T18:30:00.000Z
CLI_0009,Jane Doe,reconcile184@test.com,TXN_00694,ITM_070,3/2/2023,261.27,COMPLETED,DELIVERED,STANDARD,SOUTH,ELECTRONICS,6,188.71,427.89,57.62,19.61,26.54,,2023-05-21T18:30:00.000Z
CLI_0178,Alice Johnson,reconcile185@test.com,TXN_00829,ITM_034,6/11/2023,343.08,FAILED,IN_TRANSIT,STANDARD,SOUTH,ELECTRONICS,7,61.55,452.53,20.99,7.30,11.40,Additional processing required,2023-08-04T18:30:00.000Z
CLI_0419,Alice Johnson,reconcile186@test.com,TXN_00747,ITM_129,2/12/2023,405.36,FAILED,IN_TRANSIT,PREMIUM,SOUTH,HOME,6,230.97,864.19,70.02,15.01,9.28,Additional processing required,2023-12-16T18:30:00.000Z
CLI_0274,Jane Doe,reconcile187@test.com,TXN_00292,ITM_129,1/15/2023,892.10,PENDING,PENDING,STANDARD,NORTH,FASHION,5,216.15,571.01,85.54,9.03,15.43,,2023-02-01T18:30:00.000Z
CLI_0181,Alice Johnson,reconcile188@test.com,TXN_00335,ITM_139,2/28/2023,432.77,COMPLETED,IN_TRANSIT,PREMIUM,WEST,HOME,3,135.56,430.23,4.45,24.91,38.04,,2023-02-27T18:30:00.000Z
CLI_0465,John Smith,reconcile189@test.com,TXN_00347,ITM_120,12/8/2023,881.85,COMPLETED,IN_TRANSIT,VIP,EAST,ELECTRONICS,4,49.53,655.63,31.14,13.56,47.93,Additional processing required,2023-03-14T18:30:00.000Z
CLI_0395,John Smith,reconcile190@test.com,TXN_00956,ITM_157,6/24/2023,366.86,PENDING,DELIVERED,PREMIUM,EAST,HOME,6,169.68,692.89,40.85,23.08,28.48,Additional processing required,2023-02-02T18:30:00.000Z
CLI_0302,Bob Wilson,reconcile191@test.com,TXN_00011,ITM_073,7/18/2023,510.78,FAILED,IN_TRANSIT,PREMIUM,EAST,BOOKS,7,259.02,235.79,64.16,24.41,35.46,Additional processing required,2023-02-20T18:30:00.000Z
CLI_0252,Jane Doe,reconcile192@test.com,TXN_00445,ITM_200,2/23/2023,927.57,COMPLETED,PENDING,PREMIUM,EAST,ELECTRONICS,3,32.03,215.92,49.50,8.93,25.33,,2023-05-14T18:30:00.000Z
CLI_0261,Bob Wilson,reconcile193@test.com,TXN_00018,ITM_164,8/24/2023,468.28,COMPLETED,DELIVERED,VIP,SOUTH,HOME,4,212.85,285.85,45.36,12.24,39.39,,2023-04-22T18:30:00.000Z
CLI_0151,John Smith,reconcile194@test.com,TXN_00004,ITM_104,6/4/2023,645.37,FAILED,PENDING,STANDARD,WEST,BOOKS,2,85.90,719.07,99.50,25.70,55.90,Additional processing required,2023-10-27T18:30:00.000Z
CLI_0476,John Smith,reconcile195@test.com,TXN_00926,ITM_180,5/2/2023,315.16,FAILED,IN_TRANSIT,VIP,WEST,HOME,7,276.97,202.45,89.16,10.68,44.40,,2023-09-12T18:30:00.000Z
CLI_0099,Bob Wilson,reconcile196@test.com,TXN_00880,ITM_011,7/1/2023,507.95,COMPLETED,DELIVERED,VIP,EAST,FASHION,3,155.99,478.45,11.70,8.11,61.85,,2023-12-20T18:30:00.000Z
CLI_0287,Bob Wilson,reconcile197@test.com,TXN_00012,ITM_154,3/15/2023,830.72,PENDING,DELIVERED,VIP,EAST,BOOKS,1,135.09,281.04,29.94,29.87,58.88,Additional processing required,2023-08-07T18:30:00.000Z
CLI_0462,Alice Johnson,reconcile198@test.com,TXN_00041,ITM_198,8/28/2023,972.56,FAILED,DELIVERED,STANDARD,WEST,HOME,9,247.37,309.22,90.15,11.37,16.21,,2023-06-13T18:30:00.000Z
CLI_0274,Alice Johnson,reconcile199@test.com,TXN_00822,ITM_094,9/22/2023,863.63,FAILED,IN_TRANSIT,VIP,NORTH,BOOKS,8,59.79,233.60,8.34,11.70,28.01,,2023-01-20T18:30:00.000Z
CLI_0146,Alice Johnson,reconcile200@test.com,TXN_00613,ITM_165,9/20/2023,372.07,COMPLETED,PENDING,PREMIUM,EAST,BOOKS,2,235.91,630.45,14.69,21.19,43.04,Additional processing required,2023-04-06T18:30:00.000Z
CLI_0290,Alice Johnson,reconcile201@test.com,TXN_00040,ITM_184,9/14/2023,797.25,COMPLETED,PENDING,PREMIUM,EAST,ELECTRONICS,7,81.18,606.71,87.77,22.36,33.41,Additional processing required,2023-11-27T18:30:00.000Z
CLI_0048,Bob Wilson,reconcile202@test.com,TXN_00991,ITM_150,7/9/2023,688.73,PENDING,PENDING,STANDARD,EAST,HOME,6,274.92,512.95,35.30,27.30,12.60,Additional processing required,2023-03-15T18:30:00.000Z
CLI_0451,Jane Doe,reconcile203@test.com,TXN_00447,ITM_055,4/9/2023,340.80,COMPLETED,DELIVERED,VIP,EAST,HOME,4,157.40,407.42,54.73,16.41,38.05,,2023-07-24T18:30:00.000Z
CLI_0192,Jane Doe,reconcile204@test.com,TXN_00473,ITM_192,4/5/2023,258.89,COMPLETED,PENDING,STANDARD,NORTH,HOME,8,146.33,328.16,15.92,14.44,58.68,,2023-03-09T18:30:00.000Z
CLI_0233,John Smith,reconcile205@test.com,TXN_00033,ITM_194,11/7/2023,92.46,PENDING,IN_TRANSIT,STANDARD,NORTH,ELECTRONICS,3,278.68,265.59,59.30,13.72,22.18,,2023-08-22T18:30:00.000Z
CLI_0330,Jane Doe,reconcile206@test.com,TXN_00318,ITM_178,3/22/2023,407.90,PENDING,PENDING,STANDARD,EAST,HOME,10,150.18,866.75,7.84,14.47,53.49,,2023-10-12T18:30:00.000Z
CLI_0374,Alice Johnson,reconcile207@test.com,TXN_00363,ITM_076,12/26/2023,544.82,FAILED,IN_TRANSIT,PREMIUM,NORTH,ELECTRONICS,1,262.56,353.83,52.05,9.29,9.02,,2023-05-22T18:30:00.000Z
CLI_0173,Bob Wilson,reconcile208@test.com,TXN_00699,ITM_132,1/27/2023,970.44,PENDING,IN_TRANSIT,VIP,NORTH,HOME,8,122.30,680.53,82.50,13.07,31.83,Additional processing required,2023-02-18T18:30:00.000Z
CLI_0352,Jane Doe,reconcile209@test.com,TXN_00490,ITM_135,11/8/2023,139.76,FAILED,DELIVERED,STANDARD,SOUTH,FASHION,2,256.99,329.35,17.30,20.59,49.28,,2023-01-12T18:30:00.000Z
CLI_0099,Bob Wilson,reconcile210@test.com,TXN_00983,ITM_090,8/22/2023,651.42,FAILED,IN_TRANSIT,STANDARD,NORTH,HOME,7,132.77,229.67,87.52,25.56,12.97,,2023-06-07T18:30:00.000Z
CLI_0290,John Smith,reconcile211@test.com,TXN_00309,ITM_067,3/22/2023,969.13,COMPLETED,PENDING,VIP,WEST,ELECTRONICS,3,116.98,731.88,53.48,18.24,15.90,,2023-10-03T18:30:00.000Z
CLI_0277,Bob Wilson,reconcile212@test.com,TXN_00257,ITM_192,1/27/2023,471.62,COMPLETED,PENDING,STANDARD,WEST,HOME,1,78.31,153.00,55.95,24.04,31.10,,2023-07-18T18:30:00.000Z
CLI_0374,John Smith,reconcile213@test.com,TXN_00632,ITM_050,2/23/2023,79.56,COMPLETED,IN_TRANSIT,STANDARD,SOUTH,BOOKS,8,305.84,555.52,93.86,10.34,63.27,Additional processing required,2023-05-12T18:30:00.000Z
CLI_0255,Alice Johnson,reconcile214@test.com,TXN_00614,ITM_137,4/2/2023,772.10,FAILED,DELIVERED,VIP,WEST,HOME,3,47.47,453.00,7.60,25.06,33.83,,2023-06-01T18:30:00.000Z
CLI_0419,Bob Wilson,reconcile215@test.com,TXN_00247,ITM_036,3/28/2023,127.99,PENDING,PENDING,STANDARD,NORTH,FASHION,7,247.74,570.34,90.12,26.46,20.00,,2023-07-21T18:30:00.000Z
CLI_0177,John Smith,reconcile216@test.com,TXN_00861,ITM_025,4/7/2023,682.15,PENDING,DELIVERED,PREMIUM,NORTH,ELECTRONICS,1,275.99,305.18,13.71,27.63,53.87,Additional processing required,2023-04-04T18:30:00.000Z
CLI_0322,Jane Doe,reconcile217@test.com,TXN_00272,ITM_101,9/28/2023,207.76,PENDING,DELIVERED,VIP,NORTH,HOME,1,224.68,186.61,45.33,28.72,55.41,,2023-09-19T18:30:00.000Z
CLI_0482,Alice Johnson,reconcile218@test.com,TXN_00637,ITM_066,6/23/2023,408.14,COMPLETED,PENDING,PREMIUM,NORTH,FASHION,4,290.81,249.66,55.68,6.93,58.82,Additional processing required,2023-06-16T18:30:00.000Z
CLI_0070,Jane Doe,reconcile219@test.com,TXN_00676,ITM_020,4/3/2023,314.54,COMPLETED,IN_TRANSIT,STANDARD,EAST,HOME,10,81.62,460.76,72.88,14.35,32.95,Additional processing required,2023-07-09T18:30:00.000Z
CLI_0377,Bob Wilson,reconcile220@test.com,TXN_00838,ITM_189,1/14/2023,158.08,FAILED,IN_TRANSIT,PREMIUM,WEST,ELECTRONICS,8,141.47,202.55,65.44,16.68,18.56,,2023-12-10T18:30:00.000Z
CLI_0186,Jane Doe,reconcile221@test.com,TXN_00870,ITM_006,2/20/2023,221.85,PENDING,PENDING,VIP,SOUTH,HOME,6,44.93,789.59,49.68,22.37,38.95,,2023-05-27T18:30:00.000Z
CLI_0406,Bob Wilson,reconcile222@test.com,TXN_00729,ITM_166,9/27/2023,470.09,FAILED,IN_TRANSIT,STANDARD,SOUTH,BOOKS,7,259.85,505.09,48.51,7.56,60.40,,2023-04-08T18:30:00.000Z
CLI_0326,Bob Wilson,reconcile223@test.com,TXN_00093,ITM_073,10/16/2023,56.70,PENDING,IN_TRANSIT,STANDARD,WEST,HOME,10,192.88,560.36,16.92,7.79,32.49,,2023-03-18T18:30:00.000Z
CLI_0342,Bob Wilson,reconcile224@test.com,TXN_00347,ITM_040,1/16/2023,956.94,COMPLETED,PENDING,VIP,NORTH,BOOKS,6,129.41,856.49,94.62,7.16,63.92,,2023-12-24T18:30:00.000Z
CLI_0056,Bob Wilson,reconcile225@test.com,TXN_00919,ITM_196,7/19/2023,305.73,COMPLETED,PENDING,STANDARD,WEST,HOME,10,282.86,181.18,3.42,15.95,57.85,,2023-11-21T18:30:00.000Z
CLI_0122,John Smith,reconcile226@test.com,TXN_00764,ITM_063,9/21/2023,521.69,COMPLETED,DELIVERED,VIP,NORTH,FASHION,5,88.03,440.76,99.20,20.22,27.16,,2023-11-06T18:30:00.000Z
CLI_0401,Alice Johnson,reconcile227@test.com,TXN_00034,ITM_189,8/17/2023,298.72,COMPLETED,IN_TRANSIT,STANDARD,NORTH,HOME,8,112.55,530.91,77.48,19.60,11.09,Additional processing required,2023-12-19T18:30:00.000Z
CLI_0103,Bob Wilson,reconcile228@test.com,TXN_00737,ITM_016,10/1/2023,73.40,FAILED,DELIVERED,VIP,EAST,BOOKS,7,234.49,577.25,53.61,18.05,19.23,,2023-10-19T18:30:00.000Z
CLI_0259,Bob Wilson,reconcile229@test.com,TXN_00811,ITM_033,8/28/2023,235.76,PENDING,PENDING,VIP,WEST,FASHION,4,106.69,206.21,48.21,29.48,7.99,,2023-11-14T18:30:00.000Z
CLI_0181,Alice Johnson,reconcile230@test.com,TXN_00752,ITM_069,1/2/2023,772.63,FAILED,IN_TRANSIT,VIP,EAST,FASHION,10,216.40,338.15,95.93,15.90,37.73,Additional processing required,2023-12-14T18:30:00.000Z
CLI_0079,Bob Wilson,reconcile231@test.com,TXN_00885,ITM_169,12/18/2023,231.18,FAILED,DELIVERED,VIP,WEST,FASHION,4,99.99,596.68,17.53,9.78,6.13,,2023-01-04T18:30:00.000Z
CLI_0012,Jane Doe,reconcile232@test.com,TXN_00537,ITM_192,12/12/2023,772.04,COMPLETED,DELIVERED,STANDARD,NORTH,BOOKS,7,49.43,674.98,76.44,28.84,48.14,Additional processing required,2023-04-10T18:30:00.000Z
CLI_0169,Bob Wilson,reconcile233@test.com,TXN_00776,ITM_162,7/2/2023,419.25,COMPLETED,IN_TRANSIT,VIP,SOUTH,HOME,8,309.14,492.87,15.44,10.20,46.38,,2023-12-23T18:30:00.000Z
CLI_0212,Bob Wilson,reconcile234@test.com,TXN_00937,ITM_073,1/26/2023,375.40,PENDING,IN_TRANSIT,VIP,NORTH,HOME,3,299.08,822.20,79.55,7.26,52.94,Additional processing required,2023-09-07T18:30:00.000Z
CLI_0097,Bob Wilson,reconcile235@test.com,TXN_00609,ITM_133,3/16/2023,66.24,COMPLETED,PENDING,VIP,NORTH,BOOKS,2,97.78,756.81,92.33,10.27,62.39,Additional processing required,2023-10-21T18:30:00.000Z
CLI_0456,Alice Johnson,reconcile236@test.com,TXN_00190,ITM_012,3/12/2023,802.47,COMPLETED,DELIVERED,STANDARD,WEST,HOME,8,237.52,127.69,26.28,11.32,9.18,,2023-03-11T18:30:00.000Z
CLI_0445,Bob Wilson,reconcile237@test.com,TXN_00580,ITM_013,4/28/2023,1008.29,COMPLETED,DELIVERED,PREMIUM,NORTH,ELECTRONICS,10,301.09,158.24,30.89,17.31,50.83,,2023-11-09T18:30:00.000Z
CLI_0397,Jane Doe,reconcile238@test.com,TXN_00939,ITM_081,7/6/2023,663.75,PENDING,PENDING,PREMIUM,NORTH,ELECTRONICS,9,25.20,173.00,12.90,24.78,20.10,,2023-05-25T18:30:00.000Z
CLI_0256,Jane Doe,reconcile239@test.com,TXN_00092,ITM_021,11/7/2023,85.66,FAILED,DELIVERED,STANDARD,NORTH,FASHION,3,37.61,337.16,67.12,21.91,24.39,,2023-11-24T18:30:00.000Z
CLI_0251,Bob Wilson,reconcile240@test.com,TXN_00712,ITM_031,7/9/2023,657.58,COMPLETED,IN_TRANSIT,VIP,EAST,FASHION,3,161.67,138.74,88.51,19.30,41.72,Additional processing required,2023-05-06T18:30:00.000Z
CLI_0483,Alice Johnson,reconcile241@test.com,TXN_00653,ITM_041,9/2/2023,279.13,FAILED,DELIVERED,STANDARD,EAST,ELECTRONICS,10,204.20,483.72,25.74,23.40,24.41,,2023-12-20T18:30:00.000Z
CLI_0201,Alice Johnson,reconcile242@test.com,TXN_00952,ITM_020,7/5/2023,228.58,COMPLETED,IN_TRANSIT,VIP,WEST,BOOKS,2,307.31,497.22,30.22,25.14,39.32,Additional processing required,2023-06-05T18:30:00.000Z
CLI_0017,Alice Johnson,reconcile243@test.com,TXN_00708,ITM_106,6/16/2023,609.51,FAILED,DELIVERED,STANDARD,WEST,FASHION,8,84.49,843.77,43.17,5.58,58.85,Additional processing required,2023-03-01T18:30:00.000Z
CLI_0395,Alice Johnson,reconcile244@test.com,TXN_00190,ITM_153,2/28/2023,63.63,PENDING,DELIVERED,STANDARD,EAST,FASHION,7,177.80,266.07,21.97,18.59,23.00,,2023-06-24T18:30:00.000Z
CLI_0170,Jane Doe,reconcile245@test.com,TXN_00676,ITM_148,6/23/2023,446.13,COMPLETED,DELIVERED,PREMIUM,SOUTH,BOOKS,1,158.58,103.82,5.72,27.15,35.40,,2023-02-11T18:30:00.000Z
CLI_0319,Jane Doe,reconcile246@test.com,TXN_00543,ITM_024,9/22/2023,693.97,PENDING,IN_TRANSIT,VIP,SOUTH,FASHION,8,291.46,349.66,42.62,29.84,47.71,Additional processing required,2023-12-19T18:30:00.000Z
CLI_0444,Alice Johnson,reconcile247@test.com,TXN_00321,ITM_177,6/21/2023,147.31,PENDING,IN_TRANSIT,PREMIUM,NORTH,FASHION,10,115.48,768.29,20.37,27.95,42.59,,2023-05-02T18:30:00.000Z
CLI_0043,John Smith,reconcile248@test.com,TXN_00237,ITM_125,5/28/2023,869.20,FAILED,DELIVERED,VIP,WEST,HOME,5,283.83,531.37,17.24,22.32,61.36,,2023-05-08T18:30:00.000Z
CLI_0373,John Smith,reconcile249@test.com,TXN_00416,ITM_077,6/8/2023,614.34,COMPLETED,IN_TRANSIT,PREMIUM,EAST,BOOKS,3,132.67,330.75,11.29,12.71,43.28,,2023-09-27T18:30:00.000Z
CLI_0181,Jane Doe,reconcile250@test.com,TXN_00508,ITM_125,11/3/2023,69.75,FAILED,DELIVERED,STANDARD,SOUTH,BOOKS,2,281.49,514.78,60.64,28.79,58.21,,2023-09-13T18:30:00.000Z
CLI_0245,Bob Wilson,reconcile251@test.com,TXN_00197,ITM_092,3/18/2023,627.13,COMPLETED,DELIVERED,STANDARD,WEST,BOOKS,4,275.39,893.67,93.62,7.10,26.23,,2023-05-04T18:30:00.000Z
CLI_0273,Jane Doe,reconcile252@test.com,TXN_00753,ITM_042,7/27/2023,377.42,FAILED,DELIVERED,STANDARD,WEST,HOME,1,276.77,354.76,4.08,11.85,54.94,,2023-10-22T18:30:00.000Z
CLI_0295,Alice Johnson,reconcile253@test.com,TXN_00255,ITM_130,12/20/2023,924.34,FAILED,DELIVERED,STANDARD,EAST,BOOKS,7,205.35,530.66,23.98,16.69,55.30,Additional processing required,2023-06-12T18:30:00.000Z
CLI_0270,Bob Wilson,reconcile254@test.com,TXN_00660,ITM_029,8/1/2023,190.03,COMPLETED,DELIVERED,STANDARD,WEST,ELECTRONICS,3,186.11,726.50,9.24,16.34,35.66,,2023-11-06T18:30:00.000Z
CLI_0372,Jane Doe,reconcile255@test.com,TXN_00277,ITM_169,3/25/2023,485.82,PENDING,PENDING,STANDARD,SOUTH,BOOKS,5,197.96,433.13,51.77,26.67,11.62,,2022-12-31T18:30:00.000Z
CLI_0001,Alice Johnson,reconcile256@test.com,TXN_00490,ITM_169,2/8/2023,343.30,FAILED,PENDING,VIP,SOUTH,FASHION,4,31.70,289.30,72.34,12.99,38.02,Additional processing required,2023-02-12T18:30:00.000Z
CLI_0218,Alice Johnson,reconcile257@test.com,TXN_00367,ITM_194,6/5/2023,670.60,PENDING,DELIVERED,STANDARD,SOUTH,ELECTRONICS,2,233.45,269.30,74.79,6.43,7.91,,2023-11-16T18:30:00.000Z
CLI_0224,Jane Doe,reconcile258@test.com,TXN_00394,ITM_110,6/25/2023,595.87,FAILED,DELIVERED,PREMIUM,SOUTH,FASHION,10,184.58,639.79,89.60,17.37,30.22,,2023-11-25T18:30:00.000Z
CLI_0441,Alice Johnson,reconcile259@test.com,TXN_00058,ITM_154,3/27/2023,327.90,PENDING,IN_TRANSIT,STANDARD,NORTH,BOOKS,4,207.91,383.21,11.18,21.63,37.16,,2023-02-25T18:30:00.000Z
CLI_0476,John Smith,reconcile260@test.com,TXN_00560,ITM_014,6/5/2023,189.11,PENDING,DELIVERED,STANDARD,WEST,BOOKS,4,136.54,200.63,2.74,25.07,44.43,,2023-03-04T18:30:00.000Z
CLI_0258,Jane Doe,reconcile261@test.com,TXN_00566,ITM_197,11/18/2023,1039.89,PENDING,IN_TRANSIT,PREMIUM,NORTH,BOOKS,2,289.13,359.79,31.18,20.44,47.82,Additional processing required,2023-01-25T18:30:00.000Z
CLI_0072,Alice Johnson,reconcile262@test.com,TXN_00387,ITM_011,10/11/2023,225.27,PENDING,IN_TRANSIT,PREMIUM,SOUTH,FASHION,7,45.53,888.39,63.74,24.77,14.05,Additional processing required,2023-09-21T18:30:00.000Z
CLI_0156,John Smith,reconcile263@test.com,TXN_00051,ITM_190,12/1/2023,910.94,COMPLETED,IN_TRANSIT,VIP,WEST,FASHION,10,58.48,753.22,55.64,28.77,37.04,,2023-09-27T18:30:00.000Z
CLI_0024,John Smith,reconcile264@test.com,TXN_00392,ITM_034,12/2/2023,236.30,FAILED,IN_TRANSIT,VIP,NORTH,ELECTRONICS,2,58.62,503.68,1.65,22.87,17.74,,2023-03-06T18:30:00.000Z
CLI_0271,Bob Wilson,reconcile265@test.com,TXN_00687,ITM_141,10/16/2023,243.38,COMPLETED,IN_TRANSIT,PREMIUM,NORTH,FASHION,4,209.40,306.48,51.23,12.06,38.92,,2023-02-27T18:30:00.000Z
CLI_0294,Alice Johnson,reconcile266@test.com,TXN_00882,ITM_083,10/8/2023,824.42,PENDING,DELIVERED,PREMIUM,SOUTH,BOOKS,7,248.71,754.84,91.31,13.23,16.43,,2023-04-16T18:30:00.000Z
CLI_0401,John Smith,reconcile267@test.com,TXN_00033,ITM_188,6/9/2023,524.50,PENDING,PENDING,VIP,NORTH,ELECTRONICS,9,32.19,844.29,77.13,19.94,7.69,,2023-06-19T18:30:00.000Z
CLI_0317,Alice Johnson,reconcile268@test.com,TXN_00669,ITM_035,1/6/2023,1037.30,PENDING,IN_TRANSIT,VIP,NORTH,BOOKS,9,169.77,827.49,99.19,7.33,38.93,Additional processing required,2023-03-12T18:30:00.000Z
CLI_0229,John Smith,reconcile269@test.com,TXN_00858,ITM_037,8/16/2023,588.85,PENDING,PENDING,PREMIUM,WEST,ELECTRONICS,8,73.09,647.90,30.19,13.59,45.12,,2023-02-03T18:30:00.000Z
CLI_0199,John Smith,reconcile270@test.com,TXN_00384,ITM_003,7/8/2023,838.27,FAILED,IN_TRANSIT,STANDARD,EAST,FASHION,8,153.03,888.87,61.29,21.49,64.59,,2023-02-27T18:30:00.000Z
CLI_0275,Bob Wilson,reconcile271@test.com,TXN_00237,ITM_003,7/16/2023,1024.15,COMPLETED,IN_TRANSIT,STANDARD,EAST,FASHION,4,77.26,803.23,22.82,20.70,35.23,Additional processing required,2023-12-20T18:30:00.000Z
CLI_0071,Jane Doe,reconcile272@test.com,TXN_00976,ITM_004,6/2/2023,356.49,COMPLETED,IN_TRANSIT,PREMIUM,SOUTH,FASHION,2,13.28,762.68,52.73,26.18,20.71,,2023-09-16T18:30:00.000Z
CLI_0194,Bob Wilson,reconcile273@test.com,TXN_00945,ITM_008,8/6/2023,556.61,FAILED,PENDING,VIP,SOUTH,FASHION,6,84.57,447.95,61.16,25.68,16.15,Additional processing required,2023-07-14T18:30:00.000Z
CLI_0498,John Smith,reconcile274@test.com,TXN_00720,ITM_136,8/10/2023,192.71,FAILED,PENDING,PREMIUM,EAST,ELECTRONICS,3,216.53,889.08,27.57,22.00,42.25,,2023-05-21T18:30:00.000Z
CLI_0350,Bob Wilson,reconcile275@test.com,TXN_00336,ITM_185,4/27/2023,56.95,COMPLETED,IN_TRANSIT,STANDARD,NORTH,HOME,3,80.11,806.80,26.03,7.39,17.87,,2023-06-07T18:30:00.000Z
CLI_0478,Alice Johnson,reconcile276@test.com,TXN_00644,ITM_122,3/16/2023,351.70,PENDING,DELIVERED,PREMIUM,SOUTH,BOOKS,6,73.76,201.85,8.00,27.34,55.35,,2023-12-16T18:30:00.000Z
CLI_0003,John Smith,reconcile277@test.com,TXN_00806,ITM_068,1/27/2023,479.38,COMPLETED,DELIVERED,STANDARD,EAST,HOME,3,16.40,185.64,97.64,13.34,45.67,,2023-05-24T18:30:00.000Z
CLI_0348,Bob Wilson,reconcile278@test.com,TXN_00563,ITM_003,6/5/2023,690.91,PENDING,PENDING,STANDARD,NORTH,FASHION,9,90.00,736.37,77.07,15.77,17.71,Additional processing required,2023-09-09T18:30:00.000Z
CLI_0415,John Smith,reconcile279@test.com,TXN_00062,ITM_054,10/20/2023,66.66,FAILED,PENDING,PREMIUM,NORTH,FASHION,6,291.85,483.89,86.78,8.14,13.25,Additional processing required,2023-04-20T18:30:00.000Z
CLI_0135,Alice Johnson,reconcile280@test.com,TXN_00317,ITM_113,2/14/2023,340.12,FAILED,PENDING,VIP,SOUTH,ELECTRONICS,10,176.11,341.20,71.61,20.85,63.03,,2023-12-17T18:30:00.000Z
CLI_0327,John Smith,reconcile281@test.com,TXN_00467,ITM_023,2/26/2023,919.71,PENDING,DELIVERED,STANDARD,EAST,HOME,1,253.26,746.48,0.23,15.68,28.91,,2023-08-14T18:30:00.000Z
CLI_0219,Bob Wilson,reconcile282@test.com,TXN_00106,ITM_173,1/15/2023,929.03,FAILED,PENDING,STANDARD,SOUTH,BOOKS,10,75.89,196.13,13.68,18.48,44.77,Additional processing required,2023-12-20T18:30:00.000Z
CLI_0213,Jane Doe,reconcile283@test.com,TXN_00149,ITM_074,3/4/2023,63.06,PENDING,IN_TRANSIT,STANDARD,WEST,ELECTRONICS,1,10.32,774.06,90.35,24.55,36.31,Additional processing required,2023-06-05T18:30:00.000Z
CLI_0447,Bob Wilson,reconcile284@test.com,TXN_00099,ITM_190,7/9/2023,376.70,COMPLETED,PENDING,VIP,SOUTH,FASHION,4,235.42,117.41,44.59,20.50,35.87,Additional processing required,2023-03-16T18:30:00.000Z
CLI_0247,John Smith,reconcile285@test.com,TXN_00559,ITM_194,2/7/2023,309.53,FAILED,PENDING,PREMIUM,SOUTH,ELECTRONICS,2,17.02,227.10,99.57,26.82,56.81,,2023-05-08T18:30:00.000Z
CLI_0323,Jane Doe,reconcile286@test.com,TXN_00843,ITM_114,1/7/2023,449.21,COMPLETED,DELIVERED,STANDARD,SOUTH,HOME,10,36.56,468.46,69.30,16.20,28.48,,2023-02-09T18:30:00.000Z
CLI_0273,Jane Doe,reconcile287@test.com,TXN_00841,ITM_200,11/25/2023,639.08,COMPLETED,PENDING,VIP,WEST,ELECTRONICS,3,61.87,541.25,20.61,25.50,18.47,,2023-07-31T18:30:00.000Z
CLI_0055,Alice Johnson,reconcile288@test.com,TXN_00044,ITM_191,11/3/2023,1006.21,PENDING,DELIVERED,VIP,WEST,FASHION,4,56.69,386.02,12.32,17.70,47.54,,2023-12-11T18:30:00.000Z
CLI_0090,Alice Johnson,reconcile289@test.com,TXN_00259,ITM_039,12/11/2023,590.23,FAILED,PENDING,STANDARD,NORTH,BOOKS,6,94.03,779.27,9.75,27.67,44.80,,2023-08-11T18:30:00.000Z
CLI_0054,Bob Wilson,reconcile290@test.com,TXN_00655,ITM_167,4/10/2023,775.29,FAILED,IN_TRANSIT,PREMIUM,NORTH,BOOKS,9,42.55,556.88,1.60,24.53,31.72,,2023-07-05T18:30:00.000Z
CLI_0349,Jane Doe,reconcile291@test.com,TXN_00888,ITM_176,7/19/2023,83.89,COMPLETED,DELIVERED,PREMIUM,WEST,HOME,10,244.67,853.07,78.23,24.04,52.44,,2023-05-23T18:30:00.000Z
CLI_0037,Jane Doe,reconcile292@test.com,TXN_00855,ITM_095,10/17/2023,1008.16,COMPLETED,IN_TRANSIT,VIP,NORTH,ELECTRONICS,10,141.15,366.36,86.48,24.79,22.87,,2023-12-02T18:30:00.000Z
CLI_0150,John Smith,reconcile293@test.com,TXN_00409,ITM_077,10/12/2023,910.87,FAILED,DELIVERED,PREMIUM,EAST,ELECTRONICS,2,55.41,577.41,23.77,12.19,53.92,Additional processing required,2023-05-26T18:30:00.000Z
CLI_0423,John Smith,reconcile294@test.com,TXN_00890,ITM_023,1/1/2023,246.30,COMPLETED,DELIVERED,STANDARD,NORTH,FASHION,9,305.24,253.41,88.87,28.35,64.03,,2023-04-11T18:30:00.000Z
CLI_0102,Jane Doe,reconcile295@test.com,TXN_00632,ITM_125,6/27/2023,158.56,FAILED,PENDING,STANDARD,WEST,FASHION,6,136.00,629.90,91.53,23.86,5.13,Additional processing required,2023-10-07T18:30:00.000Z
CLI_0297,John Smith,reconcile296@test.com,TXN_00755,ITM_051,8/23/2023,516.07,PENDING,DELIVERED,STANDARD,WEST,HOME,10,42.47,543.89,46.89,21.66,48.19,,2023-09-25T18:30:00.000Z
CLI_0073,John Smith,reconcile297@test.com,TXN_00209,ITM_087,7/12/2023,552.58,PENDING,PENDING,STANDARD,NORTH,FASHION,5,270.88,642.53,75.04,10.66,20.29,,2023-07-17T18:30:00.000Z
CLI_0041,Bob Wilson,reconcile298@test.com,TXN_00706,ITM_120,7/8/2023,308.65,FAILED,DELIVERED,PREMIUM,NORTH,FASHION,6,228.03,406.34,38.38,5.35,31.01,,2023-09-06T18:30:00.000Z
CLI_0354,John Smith,reconcile299@test.com,TXN_00627,ITM_191,12/15/2023,547.85,PENDING,PENDING,STANDARD,EAST,HOME,8,78.61,279.87,44.62,25.63,14.90,,2023-11-27T18:30:00.000Z
CLI_0270,Jane Doe,reconcile300@test.com,TXN_00832,ITM_043,7/5/2023,763.93,COMPLETED,IN_TRANSIT,STANDARD,SOUTH,HOME,10,202.93,608.67,10.75,9.50,52.28,Additional processing required,2023-05-03T18:30:00.000Z